{"eh":128,"ew":128,"items":[{"base":{"columns":[[0.0,-0.587366878986359,0.202845856547356,0.783488750457764],[0.0,0.789121031761169,-0.0714001730084419,0.610074698925018],[0.0,0.17969211935997,0.976604402065277,-0.118131875991821],[0.999999940395355,0.0,0.0,0.0]],"length":1.13918337722203},"custom_code":"","max_n":100,"mode":"mbx_2025","palette":"80F080F080F008FF008F0F8F000F","position":{"numbers":["0.0","0.1327448571100831","0.2124043648946099","-1.0213703145491309"],"precision":3}},null,null,null,null,null,null,null,null,null,null,null,null,null,null,null,null,null,null,null,null,null,null,null,null,null,null,null,null,null,null,null,null,null,null,null,null,null,null,null,null,null,null,null,null,null,null,null,null,null,null,null,null,null,null,null,null,null,null,null,null,null,null,null,null,null,null,null,null,null,null,null,null,null,null,null,null,null,null,null,null,null,null,null,null,null,null,null,null,null,null,null,null,null,null,null,null,null,null,null],"nx":10,"ny":10}